Age,Income,Total_Spend,NumWebPurchases,NumStorePurchases,Cluster
69,58138.0,1617,8,4,4
72,46344.0,27,1,2,5
61,71613.0,776,8,10,4
42,26646.0,53,2,4,1
45,58293.0,422,5,6,0
59,62513.0,716,6,10,0
55,55635.0,590,7,7,4
41,33454.0,169,4,4,1
52,30351.0,46,3,2,1
76,5648.0,49,1,0,5
50,7500.0,61,2,3,1
67,63033.0,1102,3,8,3
74,59354.0,310,6,5,4
39,17323.0,46,1,3,1
80,82800.0,1315,7,12,3
46,41850.0,96,3,3,1
80,37760.0,317,4,6,5
77,76995.0,1782,11,9,3
41,33812.0,133,2,3,1
44,37040.0,316,4,5,1
47,2447.0,1730,0,0,1
77,58607.0,972,2,9,3
72,65324.0,544,6,9,3
75,40689.0,444,7,5,4
57,18589.0,75,2,3,1
50,53359.0,257,5,4,1
37,38360.0,131,2,4,1
61,84618.0,1672,6,10,3
37,10979.0,30,3,3,1
63,38620.0,318,2,3,5
56,40548.0,120,2,4,1
74,46610.0,302,4,6,5
80,68657.0,1196,3,9,3
75,49389.0,65,2,3,5
56,67353.0,913,5,12,0
50,23718.0,81,3,2,1
53,42429.0,67,1,3,1
83,48948.0,902,7,5,4
46,80011.0,1395,8,5,2
41,20559.0,53,2,3,1
69,21994.0,22,0,3,5
51,7500.0,31,2,3,1
50,79941.0,984,2,9,0
30,7500.0,122,3,3,1
58,41728.0,55,2,2,1
72,72550.0,1319,5,12,3
69,65486.0,507,4,10,3
62,79143.0,1693,6,13,3
49,35790.0,72,2,3,1
49,82582.0,1617,4,7,2
48,66373.0,606,4,10,0
71,82384.0,1957,3,13,3
60,70287.0,1093,5,10,3
38,27938.0,29,1,4,1
58,55954.0,518,8,6,4
44,75777.0,1438,3,11,0
51,66653.0,612,4,12,0
74,61823.0,884,8,10,3
75,67680.0,606,7,8,3
78,70666.0,1076,7,4,4
55,25721.0,34,1,2,1
59,32474.0,11,1,2,1
47,88194.0,1274,11,10,0
68,69096.0,653,5,10,3
56,74854.0,1562,2,5,2
72,66991.0,1253,4,6,3
67,65031.0,863,10,13,3
51,60631.0,661,9,8,4
74,28332.0,65,2,4,5
49,40246.0,13,1,2,1
54,75251.0,1890,7,5,2
50,75825.0,2209,5,9,2
50,26326.0,18,0,3,1
61,56046.0,692,10,8,4
41,29760.0,165,3,4,1
57,26304.0,16,1,2,1
53,23559.0,79,3,3,1
63,38620.0,318,2,3,5
39,81361.0,778,3,13,0
66,29440.0,56,1,4,5
56,36138.0,151,3,4,1
69,50388.0,372,6,6,4
53,79593.0,1366,5,7,2
59,54178.0,194,2,5,5
54,42394.0,32,1,3,1
56,23626.0,43,3,3,1
43,30096.0,45,2,3,1
66,47916.0,606,7,6,4
54,51813.0,63,2,3,1
75,78497.0,978,5,12,3
43,50150.0,410,5,7,0
66,47823.0,72,2,3,5
67,34554.0,55,2,3,5
47,85693.0,1169,9,11,0
81,65846.0,1120,6,6,3
67,87195.0,1097,3,5,2
47,24594.0,29,1,3,1
62,49096.0,187,4,4,5
57,52413.0,910,6,12,0
48,38557.0,145,3,3,1
66,89058.0,850,5,4,2
47,77298.0,969,6,11,0
35,68126.0,1820,7,5,2
63,57288.0,608,8,8,4
35,86037.0,730,6,11,0
46,43974.0,551,6,6,4
64,50785.0,114,2,3,5
56,90765.0,1724,4,5,2
48,36550.0,577,9,5,4
59,30753.0,81,1,3,1
57,21918.0,33,2,3,1
73,56129.0,660,6,10,3
59,32557.0,80,2,3,5
41,19510.0,30,1,3,1
50,30992.0,43,1,3,1
43,101970.0,1135,6,13,0
61,71488.0,559,3,7,3
42,79607.0,1923,3,6,2
73,54348.0,90,2,4,5
70,77376.0,661,6,10,3
74,62998.0,463,5,5,5
68,61331.0,632,11,6,4
57,73448.0,725,7,9,4
62,41551.0,279,5,5,5
59,62981.0,1482,4,13,0
50,9548.0,29,1,3,1
67,33762.0,106,2,2,5
53,35860.0,49,1,2,1
61,36921.0,38,2,3,5
34,92859.0,2077,5,12,0
50,65104.0,1053,3,7,0
64,86111.0,1385,5,10,3
52,68352.0,871,8,9,0
38,41883.0,312,4,3,1
50,59809.0,877,3,6,0
51,23957.0,68,2,3,1
45,38547.0,22,1,2,1
53,35688.0,211,4,4,1
60,49605.0,127,2,4,5
73,59354.0,459,4,7,5
57,65747.0,460,8,6,4
54,46344.0,429,7,5,4
38,34176.0,89,3,4,1
74,61010.0,1021,8,11,3
77,69372.0,1381,10,6,4
68,49967.0,306,6,5,4
48,60199.0,18,0,3,1
49,55375.0,162,1,6,1
71,80317.0,1231,3,10,3
68,30523.0,13,1,2,5
81,70356.0,1706,10,9,3
42,23228.0,121,3,4,1
51,74165.0,1293,5,10,0
53,157243.0,1608,0,0,2
60,43482.0,88,2,4,5
73,62551.0,421,6,4,4
67,52332.0,259,3,6,5
38,66951.0,1117,3,7,0
69,26091.0,89,2,3,5
61,33456.0,36,1,3,5
44,28718.0,57,2,3,1
56,50447.0,148,3,3,1
67,53537.0,93,2,3,5
59,52074.0,119,2,2,5
51,80427.0,1835,11,8,2
78,83837.0,1318,9,5,4
56,38853.0,45,2,3,1
67,38285.0,10,0,3,5
75,78497.0,978,5,12,3
50,51650.0,191,4,4,1
38,16248.0,57,2,3,1
80,66835.0,1033,6,13,3
42,30477.0,66,1,3,1
65,28249.0,43,2,3,5
43,25271.0,50,1,2,1
56,32303.0,39,1,4,1
60,61286.0,608,7,8,4
50,74068.0,1581,4,9,2
62,45759.0,68,2,3,5
48,24882.0,80,1,2,1
37,66973.0,1282,8,12,0
126,36640.0,65,2,2,5
38,38872.0,91,3,3,1
53,51148.0,315,5,6,4
49,31353.0,31,1,2,1
46,69661.0,834,7,12,0
72,80067.0,1600,4,6,3
72,86718.0,1270,5,5,3
53,46854.0,263,5,3,1
74,69142.0,535,8,7,4
58,75922.0,1295,4,9,2
48,63693.0,1150,11,9,4
49,102160.0,1240,7,10,0
61,40637.0,38,1,3,5
42,18890.0,35,0,2,1
38,29604.0,53,1,3,1
63,48721.0,293,4,5,5
60,44794.0,65,2,3,5
72,64497.0,1804,11,9,4
70,46097.0,241,3,6,5
72,77972.0,1101,4,9,3
58,44377.0,264,5,5,5
52,46014.0,541,7,8,4
41,70951.0,1198,3,9,0
49,41443.0,482,8,5,4
48,52195.0,17,1,2,1
78,83790.0,1615,8,6,3
72,44551.0,285,4,5,5
46,69508.0,1135,11,11,0
38,45204.0,114,1,4,1
57,72460.0,1047,3,7,2
56,77622.0,714,6,11,0
46,30732.0,185,4,4,1
64,63887.0,1245,9,12,3
48,42011.0,189,3,4,1
50,51369.0,576,8,4,4
74,51537.0,1103,2,11,3
54,79930.0,1753,3,8,2
40,34320.0,17,1,2,1
60,37070.0,433,5,8,4
64,81975.0,1588,6,4,2
55,38590.0,22,1,2,1
75,15033.0,19,1,3,5
61,62745.0,1117,7,11,3
51,22212.0,69,2,4,1
44,23661.0,23,1,3,1
68,79761.0,605,5,11,3
53,7500.0,57,3,3,1
133,60182.0,22,1,2,5
58,73455.0,2088,6,10,2
68,64961.0,1009,6,4,4
55,22804.0,26,2,2,1
36,73687.0,1627,3,9,0
68,61074.0,1102,11,8,4
62,31686.0,17,1,3,5
54,80134.0,1690,5,6,2
73,75027.0,1390,9,6,4
38,67546.0,2126,4,5,2
57,65176.0,1531,9,6,4
51,31160.0,64,2,3,1
41,29938.0,26,1,3,1
52,102692.0,1112,6,13,0
68,26490.0,210,3,5,5
59,75702.0,1148,4,11,0
52,30899.0,33,1,3,1
65,63342.0,1101,8,5,4
62,45989.0,322,3,7,5
62,18701.0,44,2,4,5
69,40737.0,17,1,2,5
47,15287.0,31,1,2,1
58,69674.0,845,10,10,4
56,44159.0,275,4,6,5
48,37717.0,25,1,2,1
74,43776.0,275,5,4,5
60,38179.0,90,3,3,5
63,80124.0,1495,3,8,2
56,38097.0,184,3,2,1
56,72940.0,981,3,6,2
56,22070.0,67,2,2,1
73,69267.0,1635,3,5,3
43,31788.0,60,3,4,1
51,61905.0,231,4,4,1
66,29315.0,48,2,4,5
63,33378.0,99,2,4,5
63,66313.0,770,6,12,3
70,60714.0,957,7,10,3
45,77882.0,818,3,5,2
40,69867.0,925,3,8,0
58,63841.0,908,9,9,4
45,24480.0,102,3,4,1
50,51369.0,576,8,4,4
80,37760.0,317,4,6,5
52,65640.0,461,5,8,0
51,44319.0,37,2,3,1
52,30631.0,70,3,2,1
74,75278.0,930,6,13,3
70,50898.0,859,6,12,3
60,79946.0,1478,5,5,2
77,35416.0,390,7,5,4
42,32414.0,52,1,3,1
57,38361.0,137,3,3,1
46,82497.0,1919,2,9,2
55,16626.0,68,3,3,1
61,29672.0,25,0,3,5
74,55951.0,1374,3,11,3
38,35388.0,32,1,3,1
40,42386.0,100,3,3,1
44,68627.0,825,2,6,0
61,57912.0,916,8,12,0
68,35246.0,62,3,3,5
70,58821.0,728,9,9,4
48,46377.0,90,2,3,1
38,39747.0,273,5,4,1
42,23976.0,66,3,3,1
65,80950.0,1213,6,9,3
60,27038.0,107,3,3,5
79,77457.0,1157,2,10,3
62,64100.0,546,8,6,4
34,42670.0,241,4,4,1
50,12571.0,53,3,3,1
59,22574.0,37,2,3,1
50,70893.0,1508,6,10,0
60,54198.0,235,3,6,5
70,28839.0,32,2,3,5
54,40321.0,102,3,3,1
41,66503.0,401,4,6,0
75,30833.0,28,1,3,5
55,64795.0,680,3,12,0
52,34421.0,30,1,2,1
61,47025.0,20,1,2,5
65,64325.0,1307,10,5,4
73,40464.0,630,8,8,4
69,62187.0,1283,4,5,3
50,14849.0,65,2,4,1
42,27255.0,37,1,3,1
76,54432.0,38,1,3,5
40,29999.0,160,3,4,1
43,24072.0,23,1,2,1
37,33996.0,71,1,3,1
70,66334.0,1161,9,5,4
55,35178.0,59,1,2,1
43,22010.0,33,2,3,1
66,62204.0,946,4,12,3
58,75693.0,1442,11,6,4
54,30675.0,62,1,3,1
61,83003.0,1674,7,8,2
127,83532.0,1853,4,4,3
38,68655.0,1538,4,11,0
40,41411.0,139,2,4,1
57,55212.0,1182,4,11,0
76,59292.0,507,3,8,3
53,27190.0,18,1,2,1
74,82623.0,940,2,4,5
61,44300.0,42,1,3,5
56,84835.0,1190,4,6,2
55,30372.0,44,2,3,1
50,33181.0,16,1,2,1
69,71113.0,835,6,9,3
40,71952.0,1443,8,8,0
60,69759.0,1029,4,5,2
52,72099.0,1188,3,10,0
50,60000.0,1277,11,5,4
48,38643.0,49,2,3,1
71,50737.0,99,2,4,5
57,68462.0,1670,3,8,2
83,65073.0,900,5,5,3
78,46681.0,425,4,4,5
69,78618.0,2153,4,10,3
57,62187.0,636,6,10,0
48,28442.0,57,2,4,1
48,37717.0,25,1,2,1
59,51479.0,494,6,6,4
57,54803.0,693,6,9,4
66,79530.0,1348,4,11,3
50,31615.0,51,2,3,1
64,72025.0,1932,4,8,2
51,52614.0,990,2,8,0
42,35684.0,30,1,3,1
51,48178.0,254,5,4,1
56,29548.0,29,1,2,1
60,63810.0,1371,4,12,3
54,38578.0,73,3,3,1
51,46098.0,120,3,2,1
56,22585.0,81,1,2,1
37,30279.0,37,1,3,1
65,66426.0,1377,3,10,3
57,30822.0,51,1,3,1
57,33581.0,17,1,2,1
41,19986.0,22,0,3,1
72,27421.0,324,4,6,5
53,35688.0,211,4,4,1
45,36143.0,19,0,2,1
55,10245.0,41,1,2,1
58,43795.0,492,7,4,4
66,63381.0,1005,4,13,3
77,38823.0,114,2,3,5
58,83664.0,1173,2,12,0
47,90300.0,1738,5,8,2
47,62499.0,222,3,6,1
33,74293.0,1127,5,6,0
80,51012.0,209,4,4,5
58,70777.0,787,5,12,0
35,68682.0,1598,4,10,0
55,43824.0,186,3,4,1
42,15345.0,47,1,2,1
39,23442.0,27,1,3,1
46,14515.0,96,2,3,1
70,31395.0,64,2,3,5
61,75276.0,1040,9,9,4
52,42373.0,163,2,5,1
66,30507.0,343,5,4,5
71,55521.0,446,6,6,4
61,48006.0,41,1,3,5
54,27213.0,70,2,4,1
55,65808.0,272,5,5,4
52,30351.0,46,3,2,1
63,50437.0,490,7,8,4
44,23616.0,79,3,3,1
50,53858.0,915,4,6,0
71,66465.0,1485,11,12,3
39,46923.0,369,5,7,0
64,75072.0,1073,5,8,3
83,75865.0,1242,3,10,3
51,19789.0,78,2,3,1
32,80134.0,1378,2,11,0
45,91065.0,1474,7,9,0
55,49505.0,751,10,8,4
53,37401.0,48,2,3,1
43,30096.0,45,2,3,1
44,18492.0,10,1,2,1
52,82584.0,1435,3,8,2
85,93027.0,2119,7,5,3
73,48686.0,20,1,2,5
40,92910.0,1795,6,13,0
37,75433.0,1188,2,10,0
37,10404.0,43,1,4,1
58,61314.0,1008,5,12,0
65,84865.0,1688,2,9,3
37,42387.0,684,8,7,0
59,67309.0,1082,9,9,4
62,75236.0,1068,8,13,3
56,30015.0,57,1,4,1
70,50943.0,46,1,3,5
60,67272.0,733,6,12,0
77,51529.0,467,9,5,4
55,32011.0,122,2,4,1
40,7500.0,36,2,3,1
37,28691.0,34,1,3,1
78,56223.0,156,2,5,5
80,18100.0,14,0,3,5
37,30279.0,37,1,3,1
52,20130.0,34,1,3,1
67,23295.0,20,1,2,5
54,42618.0,192,5,4,1
62,81246.0,1379,4,7,2
50,24027.0,48,2,3,1
73,55707.0,428,3,9,3
71,57959.0,868,4,11,3
57,56796.0,1001,8,7,4
55,36230.0,59,2,4,1
46,70829.0,431,4,8,0
50,65991.0,971,9,10,0
54,38988.0,348,5,6,1
60,89572.0,2059,7,9,2
42,42207.0,265,4,5,1
74,50300.0,270,2,8,5
44,66664.0,1289,5,6,2
62,60597.0,893,2,8,3
77,70165.0,926,3,11,3
68,50520.0,135,3,3,5
63,80124.0,1495,3,8,2
51,33183.0,120,4,3,1
57,66582.0,1288,2,9,0
71,75261.0,1743,5,5,2
56,31880.0,15,1,2,1
75,53790.0,542,7,8,4
55,49269.0,890,7,12,0
51,61456.0,1388,6,13,0
46,37406.0,17,1,2,1
45,56937.0,906,8,9,0
48,38415.0,44,1,3,1
38,20518.0,25,1,2,1
70,62503.0,973,8,11,3
54,41644.0,31,1,3,1
49,55842.0,518,7,8,4
54,62010.0,530,6,7,4
49,41124.0,506,7,4,4
53,38961.0,70,2,2,1
54,37760.0,54,2,3,1
52,32233.0,296,6,2,1
51,43057.0,266,4,5,1
66,83151.0,747,5,4,4
62,78825.0,895,5,13,3
50,65104.0,1053,3,7,0
52,60093.0,735,7,10,0
57,14045.0,20,1,3,1
74,28457.0,205,4,4,5
68,78952.0,2092,2,12,3
50,46310.0,309,6,5,4
71,76005.0,1722,3,13,3
62,58308.0,900,2,3,5
82,55614.0,682,9,6,4
64,59432.0,663,5,11,3
48,55563.0,43,2,3,1
55,78642.0,1816,4,4,2
77,67911.0,976,6,11,3
82,65275.0,746,4,13,3
76,27203.0,64,1,2,5
65,48330.0,32,1,3,5
36,24279.0,263,4,3,1
41,64355.0,1445,4,12,0
70,50943.0,46,1,3,5
73,53653.0,1210,10,12,3
50,65665.0,945,5,8,0
37,81217.0,1157,3,11,0
34,34935.0,137,2,4,1
67,61250.0,730,5,12,3
45,39665.0,216,4,3,1
47,60152.0,943,6,12,0
62,48920.0,347,6,5,4
67,89120.0,1924,5,7,2
80,44124.0,397,6,5,5
51,81169.0,2089,5,9,2
65,36443.0,138,3,3,5
36,26095.0,42,1,3,1
67,71367.0,777,4,7,3
82,80184.0,1902,6,10,3
61,30630.0,52,2,3,5
39,73454.0,1651,2,6,2
35,42691.0,358,5,6,1
73,70503.0,1727,2,9,3
39,25545.0,210,2,3,1
40,32880.0,42,1,3,1
68,77863.0,1291,4,10,3
49,50353.0,442,4,6,1
62,61839.0,1895,4,4,2
66,49154.0,411,4,8,5
51,47682.0,521,4,8,0
57,72679.0,1168,4,5,2
49,57954.0,493,8,6,4
64,65316.0,260,3,5,5
44,28567.0,46,2,3,1
75,47352.0,319,6,5,5
59,44931.0,96,2,3,5
59,76982.0,1062,8,4,4
74,57247.0,232,2,7,5
45,22944.0,76,3,3,1
49,25315.0,54,3,3,1
57,43638.0,201,4,4,5
42,42710.0,406,4,3,1
44,84169.0,1919,7,6,2
50,54058.0,662,4,8,0
36,24683.0,41,2,4,1
62,85620.0,1600,3,4,2
46,47850.0,134,3,4,1
58,19514.0,69,3,2,1
53,27159.0,21,1,3,1
63,39548.0,54,1,3,5
37,21474.0,91,3,2,1
55,60504.0,526,6,8,4
63,22419.0,162,3,2,5
77,81698.0,1008,3,13,3
74,43462.0,240,4,5,5
48,54880.0,795,6,11,0
44,79908.0,1772,5,7,2
56,15315.0,64,2,4,1
67,87771.0,1957,5,4,2
48,33039.0,78,2,4,1
46,81741.0,1572,6,7,2
55,71499.0,795,8,13,0
56,62466.0,889,6,12,0
63,48799.0,331,3,7,5
76,52157.0,265,3,5,5
64,66565.0,1065,4,9,3
75,29298.0,11,1,2,5
47,47691.0,21,1,2,1
56,38200.0,17,1,2,1
52,44989.0,369,5,5,1
58,38443.0,38,1,3,1
48,38593.0,177,4,3,1
56,64413.0,279,5,5,4
45,36959.0,62,2,3,1
49,61996.0,1230,6,8,0
58,51287.0,182,4,3,5
56,13260.0,49,3,3,1
60,47472.0,75,2,4,5
70,54603.0,227,4,4,5
52,45207.0,215,3,6,1
75,40689.0,444,7,5,4
59,47821.0,47,1,3,5
75,27450.0,143,2,3,5
43,39453.0,55,2,3,1
55,26850.0,63,2,4,1
71,79800.0,1867,5,5,2
65,61794.0,611,4,10,3
71,53863.0,473,7,7,4
67,24221.0,55,1,3,5
42,39684.0,81,2,2,1
51,92163.0,2086,5,5,2
61,69882.0,1478,3,9,3
49,33178.0,49,1,3,1
54,59973.0,382,3,7,5
51,17459.0,69,3,2,1
57,23910.0,67,2,3,1
57,42169.0,30,1,3,1
48,26224.0,63,2,3,1
45,31089.0,79,3,4,1
65,30081.0,42,1,3,5
66,62807.0,819,5,12,3
71,72906.0,1151,3,9,3
78,61467.0,594,5,10,3
60,49618.0,129,3,3,5
40,21888.0,213,5,2,1
53,42429.0,67,1,3,1
70,26150.0,28,1,3,5
51,30801.0,45,1,3,1
61,81168.0,1193,6,7,2
57,26877.0,268,3,6,1
82,45006.0,266,3,7,5
53,18978.0,37,1,3,1
59,22574.0,37,2,3,1
57,48240.0,882,6,13,0
52,45837.0,373,6,5,4
61,35791.0,35,1,3,5
50,162397.0,107,0,1,2
48,54162.0,42,1,3,1
66,30522.0,326,1,9,5
65,54456.0,404,6,7,4
55,31632.0,95,2,2,1
77,72298.0,939,4,6,3
48,36975.0,33,1,3,1
71,72635.0,981,6,6,3
50,13624.0,36,2,3,1
51,84196.0,1237,8,7,2
66,70971.0,1825,11,5,4
49,34487.0,103,3,3,1
49,28769.0,191,4,4,1
56,69084.0,1586,7,13,0
68,65488.0,963,3,6,3
56,62466.0,889,6,12,0
66,32218.0,93,2,3,5
53,83917.0,1587,6,7,2
64,46102.0,16,1,2,5
74,84574.0,1375,9,11,3
64,56181.0,393,4,7,5
76,63120.0,1477,8,9,3
55,73691.0,1179,6,8,0
66,63381.0,1005,4,13,3
78,76140.0,1348,5,6,3
67,62859.0,1307,9,6,4
62,45906.0,486,5,4,5
79,77632.0,2252,4,6,3
55,46463.0,235,3,6,1
56,105471.0,1724,9,13,0
56,55282.0,235,3,6,5
49,78710.0,1092,7,12,0
68,66886.0,599,7,7,4
66,98777.0,2008,4,9,2
41,29103.0,48,1,3,1
52,67445.0,1174,9,12,0
76,50616.0,67,1,4,5
71,49431.0,365,7,5,4
51,153924.0,6,0,0,2
73,61278.0,165,3,4,5
68,26490.0,210,3,5,5
79,73059.0,1095,9,13,3
60,46734.0,223,3,3,5
63,56253.0,597,7,9,4
41,19986.0,22,0,3,1
51,58330.0,1064,6,13,0
46,25965.0,74,2,3,1
70,14661.0,26,1,3,5
67,18690.0,60,1,2,5
52,45068.0,20,1,2,1
39,21063.0,59,2,3,1
58,29187.0,34,1,3,1
55,54690.0,198,3,5,5
62,59304.0,1048,7,10,3
64,59247.0,574,5,9,3
56,66731.0,1029,4,6,2
46,77353.0,670,6,8,0
51,52614.0,990,2,8,0
52,26751.0,11,1,2,1
63,81300.0,1241,10,5,4
47,70337.0,576,2,12,0
41,36145.0,172,4,3,1
46,65295.0,664,3,13,0
63,68118.0,928,8,4,4
59,68743.0,2074,11,13,0
44,41039.0,467,8,5,4
71,38946.0,257,3,6,5
59,65777.0,1146,2,6,2
50,66476.0,689,5,11,0
54,86857.0,2114,5,10,2
44,160803.0,1717,0,1,2
37,77845.0,1346,3,12,0
57,69476.0,1044,4,4,2
66,50611.0,493,4,7,5
56,61209.0,957,5,4,4
68,42315.0,270,1,4,5
74,13084.0,29,1,3,5
77,47570.0,121,2,2,5
65,61923.0,126,2,4,5
31,34824.0,23,1,2,1
77,26518.0,57,2,3,5
65,45938.0,636,8,6,4
66,78468.0,1004,10,10,4
53,78901.0,734,9,5,4
48,71427.0,614,8,8,4
48,71022.0,1453,5,11,0
38,90247.0,1621,3,7,2
58,41335.0,187,4,4,5
40,71952.0,1443,8,8,0
56,35682.0,57,1,3,1
75,43185.0,637,9,6,4
78,66375.0,948,2,5,5
55,35178.0,59,1,2,1
40,25252.0,18,1,2,1
61,55250.0,903,7,10,4
51,33249.0,112,2,3,1
73,58398.0,596,5,8,3
44,50272.0,233,4,5,1
51,76618.0,1511,3,5,2
66,87305.0,1152,5,8,3
48,25851.0,48,2,3,1
56,58710.0,1185,11,9,4
68,45160.0,21,1,2,5
61,74806.0,965,5,5,2
72,59111.0,869,11,8,4
42,18988.0,16,1,3,1
61,72190.0,1947,5,4,2
50,7500.0,71,4,2,1
60,44794.0,65,2,3,5
71,80395.0,1380,6,12,3
50,75012.0,1027,3,11,0
61,56962.0,411,6,5,4
35,89891.0,836,11,8,0
77,35946.0,11,0,3,5
73,53593.0,480,7,6,4
48,66373.0,606,4,10,0
78,45072.0,284,6,4,5
53,89694.0,1472,4,4,2
77,72025.0,1677,4,13,3
53,67432.0,1335,8,4,4
74,70545.0,334,4,7,3
37,17487.0,18,1,2,1
57,62882.0,1338,7,6,4
73,64108.0,1099,6,11,3
70,34941.0,97,3,3,5
76,48767.0,63,2,3,5
48,38702.0,109,3,4,1
62,82224.0,902,6,5,4
74,83844.0,1574,4,11,3
51,17003.0,38,2,4,1
31,71163.0,960,3,12,0
56,33697.0,28,1,2,1
72,63564.0,1215,10,7,4
54,83443.0,1497,6,5,2
68,51518.0,449,3,10,3
51,58330.0,1064,6,13,0
57,80952.0,1757,8,11,0
47,75507.0,1440,8,6,2
48,63855.0,1006,7,13,0
54,62220.0,1226,7,5,4
62,58512.0,1171,3,8,3
47,40662.0,92,2,3,1
67,38829.0,99,3,2,5
45,35523.0,66,3,3,1
59,79146.0,564,8,8,4
38,78285.0,1427,6,10,0
48,31626.0,86,2,2,1
74,75127.0,833,2,5,5
71,48726.0,242,3,4,5
49,74985.0,1869,3,7,2
39,67430.0,1364,11,12,0
61,46891.0,183,2,4,5
70,62058.0,450,6,7,4
47,72063.0,758,5,12,0
75,78939.0,1507,8,6,3
61,42720.0,654,7,7,4
54,33622.0,81,2,4,1
69,6835.0,137,0,1,5
73,41452.0,16,1,2,5
61,40760.0,93,2,3,5
68,74250.0,1158,2,4,2
71,51124.0,43,1,3,5
55,72258.0,1525,6,5,2
52,71466.0,1230,4,10,0
50,36283.0,29,1,3,1
56,20587.0,25,1,2,1
54,30467.0,24,1,2,1
54,31590.0,38,1,3,1
40,20425.0,57,2,3,1
66,17144.0,47,3,4,5
58,42564.0,813,6,4,4
48,43783.0,629,7,8,4
50,40780.0,377,7,5,4
81,62847.0,1612,3,4,3
69,82017.0,729,5,7,3
76,16813.0,50,2,3,5
48,51267.0,270,3,5,1
65,46524.0,177,1,5,5
64,45183.0,315,4,7,5
72,70421.0,767,10,7,4
61,60161.0,1071,11,8,4
53,73926.0,1580,6,12,0
58,19329.0,60,4,3,1
56,61872.0,573,4,9,0
70,46984.0,41,1,3,5
75,34838.0,170,2,4,5
82,82716.0,1167,6,13,3
68,48192.0,1526,2,12,3
50,49681.0,458,7,7,4
55,56850.0,63,1,3,1
69,55267.0,405,3,6,5
54,59666.0,1027,3,8,0
54,72504.0,1478,5,6,2
45,26872.0,72,1,2,1
54,21359.0,48,2,3,1
51,73170.0,726,5,6,0
71,52750.0,860,5,9,3
40,91820.0,1497,5,12,0
56,65968.0,495,5,7,4
50,30772.0,20,1,2,1
72,22507.0,570,10,4,4
54,65685.0,769,9,9,4
48,25804.0,55,2,3,1
46,76412.0,1808,5,8,2
54,22063.0,55,2,3,1
65,57091.0,577,7,7,4
63,22419.0,162,3,2,5
67,87771.0,1957,5,4,2
67,78353.0,1576,10,11,3
72,93404.0,1616,3,7,3
64,37859.0,36,1,3,5
68,80995.0,1482,8,4,4
42,16529.0,22,1,3,1
50,55412.0,63,2,3,1
34,48789.0,680,6,7,0
59,56575.0,542,7,7,4
46,25130.0,50,2,3,1
59,35441.0,39,1,3,5
70,71391.0,1043,6,12,3
54,49494.0,385,6,5,4
46,81702.0,1633,7,12,0
46,45889.0,46,1,3,1
49,56628.0,761,7,5,4
76,34026.0,76,2,3,5
52,40049.0,290,3,6,1
38,34176.0,89,3,4,1
45,19419.0,70,4,3,1
66,82504.0,1066,3,7,3
56,81205.0,2009,5,7,2
35,61618.0,1345,3,8,0
70,55284.0,764,7,8,4
63,49980.0,195,3,5,5
46,15072.0,53,3,3,1
52,49166.0,368,5,3,1
72,65324.0,544,6,9,3
69,82347.0,1853,7,10,3
60,30843.0,35,1,2,5
52,46374.0,446,7,7,4
47,60474.0,1180,10,12,0
53,38576.0,41,1,3,1
41,55357.0,727,6,11,0
60,37758.0,40,1,3,5
37,85710.0,1062,6,10,0
57,23228.0,40,2,3,1
57,44602.0,292,6,4,4
39,7500.0,15,0,3,1
37,38683.0,341,4,6,1
51,49514.0,369,6,4,4
53,57906.0,401,4,8,0
60,43456.0,393,5,8,4
40,19485.0,10,1,2,1
48,53172.0,486,2,8,0
47,30545.0,69,2,3,1
43,70123.0,1727,5,4,2
67,62450.0,995,5,4,4
50,21675.0,45,4,3,1
45,42395.0,182,3,4,1
48,61346.0,989,5,10,0
73,80812.0,1677,4,5,2
55,42835.0,595,6,4,4
43,39922.0,156,3,4,1
70,86424.0,1226,6,12,3
48,17117.0,128,3,3,1
54,24762.0,86,3,2,1
51,35797.0,68,2,3,1
51,36627.0,16,0,3,1
45,51111.0,55,2,3,1
54,86857.0,2114,5,10,2
56,82072.0,2018,3,13,0
73,46231.0,263,6,4,5
67,42243.0,55,2,3,5
64,51195.0,564,9,5,4
48,68092.0,1281,2,10,0
53,31814.0,83,2,3,1
61,51390.0,353,5,5,5
43,76630.0,1003,3,11,0
35,26868.0,14,1,2,1
83,48948.0,902,7,5,4
54,55260.0,1139,8,5,4
70,64090.0,797,6,4,4
68,78331.0,1638,10,7,4
52,37087.0,401,4,8,1
40,21846.0,84,4,3,1
68,81320.0,928,4,10,3
56,54137.0,203,4,4,5
59,66825.0,858,4,6,2
53,57100.0,409,3,6,1
57,58917.0,282,4,6,5
49,85072.0,1423,3,10,0
65,86429.0,1449,7,7,2
55,45684.0,28,1,2,1
52,47889.0,67,2,3,1
40,45921.0,199,2,6,1
60,78420.0,1453,3,8,2
34,75114.0,1253,3,5,2
63,52278.0,1198,10,10,4
54,35641.0,178,3,4,1
32,95529.0,1990,7,7,2
72,62820.0,976,3,6,3
66,73113.0,1001,3,7,3
44,84169.0,1919,7,6,2
72,42607.0,350,3,7,5
72,74637.0,1650,6,9,3
71,46015.0,46,1,3,5
33,72354.0,1228,2,6,2
57,39858.0,95,2,4,1
78,34469.0,62,1,4,5
40,83033.0,1761,11,10,0
47,24401.0,467,6,6,1
48,77583.0,1149,4,9,0
44,74116.0,2052,4,10,2
33,74293.0,1127,5,6,0
50,68397.0,1416,6,5,2
52,79632.0,1113,6,9,0
37,46107.0,125,1,4,1
75,64950.0,966,11,10,4
37,25443.0,32,1,3,1
74,75127.0,833,2,5,5
55,32892.0,46,3,3,1
55,71796.0,960,9,4,4
56,67536.0,1829,11,11,0
55,55239.0,779,7,11,0
51,60554.0,811,8,9,0
74,64831.0,1120,6,5,3
64,56067.0,725,7,7,4
43,82025.0,1187,3,6,2
73,94384.0,2302,5,5,2
40,14906.0,66,2,3,1
39,51563.0,1250,4,10,0
44,57937.0,683,4,9,0
47,68274.0,305,4,5,1
49,39771.0,50,2,3,1
51,67893.0,995,3,9,0
47,27922.0,41,2,3,1
50,52190.0,77,2,3,1
53,44051.0,171,3,4,1
55,42767.0,131,3,2,1
50,46106.0,54,1,2,1
50,16927.0,53,3,4,1
61,59754.0,475,5,6,4
74,53700.0,694,5,8,3
53,59041.0,96,2,4,1
69,54237.0,361,5,5,5
59,70647.0,1079,4,13,0
64,52597.0,578,6,8,4
57,41021.0,64,2,3,1
51,40233.0,149,2,5,1
46,50183.0,231,3,6,1
67,54753.0,728,5,11,3
53,92955.0,1778,6,9,2
53,33471.0,93,3,4,1
52,34596.0,23,1,2,1
46,44010.0,662,10,6,4
38,84219.0,1198,3,10,0
58,40706.0,81,3,4,5
38,15716.0,92,3,4,1
67,59052.0,491,7,7,4
55,80573.0,1564,4,13,0
64,83715.0,926,2,13,3
67,82576.0,1910,2,12,3
61,56962.0,411,6,5,4
74,35704.0,94,2,4,5
72,53103.0,1085,10,7,4
66,46779.0,23,0,2,5
61,4861.0,6,0,0,1
47,33462.0,54,2,3,1
48,63693.0,1150,11,9,4
76,80763.0,1415,5,6,3
52,65352.0,405,4,8,0
48,82170.0,1908,5,7,2
57,75759.0,2486,9,9,2
50,79689.0,1315,4,13,0
70,35340.0,45,2,3,5
72,85683.0,1789,2,10,3
54,24884.0,19,0,3,1
45,42021.0,573,10,6,4
37,64449.0,805,5,12,0
72,64587.0,108,1,4,5
31,34824.0,23,1,2,1
48,75437.0,1493,8,10,0
69,26091.0,89,2,3,5
53,52845.0,936,8,6,4
70,46086.0,343,3,8,5
70,78028.0,528,6,9,3
39,95169.0,1901,4,4,2
45,56337.0,724,8,4,4
39,22434.0,58,2,3,1
72,36930.0,297,5,4,5
72,36130.0,488,3,4,5
73,65569.0,859,6,10,3
74,83844.0,1574,4,11,3
58,19514.0,69,3,2,1
63,36736.0,17,1,2,5
47,77568.0,2194,10,8,2
50,49187.0,116,1,5,1
48,30168.0,279,6,4,1
58,34053.0,103,3,3,1
55,38196.0,44,2,4,1
75,59412.0,406,4,8,3
61,70924.0,1363,6,7,2
57,54165.0,236,2,7,5
53,32300.0,39,1,3,1
50,20180.0,137,2,4,1
53,34961.0,79,3,3,1
52,28440.0,63,2,3,1
73,64504.0,1314,11,4,4
60,33564.0,71,1,3,5
48,17345.0,58,2,2,1
59,56320.0,702,5,9,0
48,28647.0,94,2,2,1
39,15038.0,80,2,2,1
68,32173.0,22,1,3,5
62,68316.0,1211,10,10,4
55,74538.0,1461,8,5,2
55,91700.0,1968,8,5,2
57,68695.0,1091,4,7,2
49,31056.0,55,1,3,1
53,79593.0,1366,5,7,2
46,28071.0,313,5,5,1
68,37334.0,62,3,4,5
54,46423.0,92,2,4,1
55,37126.0,72,1,2,1
73,47703.0,655,6,8,3
67,61180.0,704,5,6,4
72,38998.0,54,2,3,5
35,8028.0,178,0,0,1
64,76081.0,1033,4,4,2
40,34728.0,36,1,2,1
61,33168.0,122,2,4,5
60,33585.0,122,2,4,5
66,77037.0,1123,7,12,3
42,35196.0,497,6,5,1
60,44529.0,691,6,11,0
61,70924.0,1363,6,7,2
60,28764.0,12,1,2,1
77,69098.0,2440,7,9,3
56,25959.0,56,1,2,1
43,27100.0,37,1,3,1
41,70596.0,968,3,12,0
52,42557.0,270,6,4,1
75,53312.0,278,5,5,5
74,72228.0,1250,6,8,3
39,67605.0,938,2,6,0
77,62845.0,1178,3,10,3
68,65196.0,1155,7,11,3
39,42000.0,653,5,11,0
53,35860.0,49,1,2,1
62,65526.0,506,4,8,3
65,16860.0,38,1,3,5
34,83528.0,1650,4,8,2
61,64176.0,1826,8,8,2
70,22304.0,18,1,2,5
48,67023.0,906,3,13,0
55,32892.0,46,3,3,1
60,70713.0,1477,5,8,2
71,59925.0,766,9,9,4
73,39722.0,47,2,3,5
68,46610.0,467,6,6,4
65,88347.0,2116,4,9,2
45,87171.0,1298,6,11,0
50,26907.0,22,1,3,1
58,50014.0,396,4,8,4
48,41014.0,20,1,2,1
61,66294.0,967,4,5,2
55,36715.0,357,7,4,4
70,79456.0,1401,5,4,2
44,40479.0,15,0,3,1
56,75345.0,2087,5,6,2
49,54233.0,981,11,5,4
56,24163.0,17,1,3,1
68,84460.0,523,9,4,4
43,43776.0,23,1,2,1
68,71691.0,1192,4,5,3
53,85844.0,1958,6,7,2
52,39190.0,133,2,4,1
67,71367.0,777,4,7,3
54,38578.0,73,3,3,1
61,57236.0,121,2,4,5
47,61825.0,424,4,8,0
68,79803.0,868,4,5,3
40,80910.0,756,3,8,0
44,27590.0,12,1,2,1
47,56775.0,937,5,10,0
51,83829.0,1862,4,6,2
47,54210.0,367,4,7,0
40,38508.0,443,7,5,4
56,53187.0,267,4,6,5
54,30023.0,61,2,3,1
66,76045.0,1323,4,11,3
74,50870.0,63,2,3,5
56,15315.0,64,2,4,1
52,65463.0,562,6,9,0
61,66480.0,312,4,7,5
72,76773.0,1156,2,11,3
43,81698.0,1104,8,5,2
53,54466.0,16,1,2,1
66,98777.0,2008,4,9,2
42,16269.0,44,3,3,1
55,71819.0,1574,3,5,2
43,33569.0,63,1,2,1
43,36262.0,426,3,3,1
60,22634.0,96,2,2,1
48,47025.0,635,11,6,4
58,70566.0,757,6,9,0
47,31605.0,125,2,4,1
53,52034.0,332,4,5,1
47,48526.0,135,2,4,1
72,46734.0,330,6,5,5
64,39552.0,384,6,5,4
60,86358.0,1722,5,6,2
49,46931.0,78,1,3,1
41,16581.0,24,0,3,1
74,63998.0,1168,7,11,3
75,67381.0,957,2,9,3
59,25930.0,15,1,2,1
48,42693.0,57,1,3,1
50,85606.0,1956,6,9,2
41,72903.0,2013,7,8,2
52,49669.0,326,5,6,4
58,36778.0,77,3,3,1
64,85696.0,1313,4,9,3
37,10979.0,30,3,3,1
65,49678.0,315,6,4,4
73,56129.0,660,6,10,3
37,37155.0,74,2,4,1
48,21282.0,46,2,2,1
64,33419.0,86,2,4,5
81,63285.0,1103,6,13,3
52,21255.0,61,2,4,1
45,42162.0,145,3,3,1
70,54450.0,684,9,8,4
72,57744.0,411,9,4,4
40,26576.0,27,1,2,1
83,57513.0,1060,9,13,3
62,68142.0,1459,10,7,4
47,7500.0,18,1,2,1
52,83145.0,1833,5,11,0
66,54197.0,237,1,6,5
63,23091.0,48,2,3,5
50,46049.0,515,5,9,0
52,56715.0,1020,7,4,4
65,79410.0,1370,3,5,2
75,57304.0,1026,7,10,3
61,44375.0,301,4,6,5
70,54450.0,684,9,8,4
61,59594.0,499,8,7,4
32,80685.0,1004,6,10,0
52,40344.0,218,4,5,1
54,62710.0,606,4,12,0
58,48985.0,75,1,3,5
58,35322.0,106,2,4,5
78,77142.0,990,4,8,3
57,81657.0,1097,3,8,2
30,14421.0,16,1,2,1
52,20130.0,34,1,3,1
36,74214.0,1711,8,5,2
69,66726.0,438,8,4,4
47,23724.0,75,2,3,1
66,47353.0,225,2,6,5
74,33444.0,18,1,2,5
45,54386.0,470,3,10,0
45,28510.0,91,2,4,1
35,90638.0,2525,3,10,2
76,48070.0,504,8,6,4
69,43140.0,235,4,5,5
65,54959.0,1232,9,4,4
68,15056.0,88,2,3,5
55,26954.0,17,1,2,1
41,22327.0,24,1,3,1
61,44393.0,60,1,4,5
74,62000.0,1020,6,13,3
64,31497.0,155,3,4,5
52,45894.0,51,1,3,1
56,78579.0,1812,5,4,2
57,67369.0,1461,7,10,0
66,58401.0,96,1,2,5
74,62307.0,160,4,4,5
57,43641.0,139,2,4,5
58,63841.0,908,9,9,4
61,46891.0,183,2,4,5
57,70091.0,1161,5,10,0
54,78075.0,988,3,5,2
65,59184.0,1072,6,12,3
49,54809.0,174,2,5,1
67,58113.0,758,9,8,4
68,51412.0,195,3,4,5
47,15287.0,31,1,2,1
69,66636.0,1084,3,9,3
70,50965.0,685,10,5,4
61,84618.0,1672,6,10,3
36,18351.0,43,2,3,1
69,40451.0,49,1,2,5
61,36317.0,133,3,4,5
69,42213.0,363,5,7,5
71,65748.0,545,2,10,3
54,77044.0,1065,7,11,0
57,74918.0,2047,5,6,2
54,56721.0,296,4,5,1
51,42160.0,140,2,4,1
61,61559.0,530,4,10,3
63,33629.0,152,3,4,5
35,68682.0,1598,4,10,0
63,34377.0,114,2,2,5
40,8940.0,101,3,3,1
53,26228.0,25,1,2,1
69,77297.0,789,5,9,3
45,40211.0,87,2,2,1
68,33438.0,90,2,4,5
67,75032.0,1215,5,9,3
71,61284.0,811,11,8,4
40,22518.0,61,2,2,1
51,54730.0,405,4,8,0
71,38452.0,72,3,3,5
55,44421.0,189,5,4,1
40,38197.0,40,1,3,1
48,41986.0,63,3,4,1
43,28427.0,52,2,3,1
50,37395.0,39,1,3,1
55,64722.0,805,8,11,0
70,55249.0,130,2,4,5
54,84906.0,1631,5,12,0
37,28691.0,34,1,3,1
74,44213.0,152,2,5,5
42,25707.0,21,1,3,1
59,59062.0,71,2,3,5
64,76624.0,899,5,7,3
79,66000.0,711,1,5,5
48,27683.0,351,6,4,1
55,1730.0,8,0,0,1
34,7500.0,119,3,2,1
58,40521.0,21,0,2,1
53,20427.0,10,1,2,1
51,65106.0,973,8,13,0
61,69969.0,1536,4,6,2
74,67433.0,992,6,13,3
59,77766.0,1529,11,11,4
54,74716.0,860,7,5,4
63,68118.0,928,8,4,4
56,55158.0,418,7,5,4
71,62972.0,587,7,3,4
51,74190.0,641,4,11,0
50,39356.0,23,1,2,1
57,76653.0,2279,4,11,2
53,35860.0,49,1,2,1
43,90687.0,1779,6,8,2
44,73450.0,1804,7,11,0
66,31454.0,48,2,3,5
74,47139.0,83,2,2,5
51,83829.0,1862,4,6,2
63,53378.0,793,9,6,4
56,19656.0,84,2,3,1
78,45579.0,183,4,4,5
68,85485.0,1383,6,6,3
82,55956.0,999,7,4,4
63,64191.0,825,5,13,3
54,38808.0,246,5,4,1
60,57183.0,610,9,7,4
58,23748.0,76,2,3,1
55,66303.0,1286,3,11,0
51,37368.0,30,1,2,1
62,40800.0,99,3,3,5
48,71847.0,1192,6,9,0
51,46149.0,362,5,7,4
43,78687.0,2130,4,8,2
55,49118.0,1229,9,10,4
69,37633.0,38,1,3,5
75,39767.0,485,7,7,4
75,26997.0,434,4,5,5
56,33986.0,44,1,3,1
54,57091.0,496,9,5,4
57,46831.0,78,1,2,1
54,83151.0,2346,5,10,2
55,52531.0,794,7,10,0
70,15759.0,17,1,2,5
55,22804.0,26,2,2,1
53,43050.0,76,2,4,1
49,42997.0,15,1,2,1
63,48918.0,62,1,4,5
72,60033.0,198,2,5,5
48,34043.0,49,2,2,1
60,57811.0,802,7,11,0
80,78569.0,1736,4,4,3
48,7500.0,57,2,3,1
55,157733.0,59,1,1,2
73,94384.0,2302,5,5,2
41,23148.0,37,2,3,1
56,44267.0,310,5,4,5
47,71626.0,1305,5,8,0
60,60894.0,832,10,8,4
50,50200.0,401,7,5,4
61,81051.0,1501,5,12,3
44,65169.0,1189,10,13,0
54,59868.0,1194,11,12,0
66,65695.0,656,5,10,3
70,64857.0,1540,7,10,3
61,45143.0,311,6,5,4
71,74805.0,820,4,10,3
37,59060.0,274,3,7,1
64,27238.0,57,3,3,5
61,47009.0,448,3,8,5
53,46094.0,44,1,3,1
54,40321.0,102,3,3,1
42,37235.0,61,1,2,1
66,81843.0,1643,5,12,3
68,46692.0,397,6,5,4
58,77382.0,1121,5,12,0
49,37774.0,473,7,3,4
52,18393.0,50,3,3,1
64,72828.0,1678,6,13,3
44,24711.0,58,3,3,1
51,45503.0,170,3,4,1
44,6560.0,373,1,1,1
81,71604.0,1196,8,5,4
47,27244.0,101,2,2,1
57,48752.0,316,6,5,4
64,71434.0,1400,7,7,3
78,90842.0,1424,4,13,3
48,88097.0,844,6,8,0
51,51948.0,311,5,4,1
44,71853.0,1149,2,6,2
43,35876.0,129,3,3,1
74,40049.0,32,1,3,5
44,39660.0,299,7,3,1
64,50127.0,320,5,6,5
49,43263.0,441,5,6,1
77,62845.0,1178,3,10,3
36,18929.0,85,1,4,1
44,24367.0,24,1,2,1
51,33249.0,112,2,3,1
67,26887.0,30,1,3,5
43,50150.0,410,5,7,0
50,62061.0,800,10,7,4
64,85696.0,1313,4,9,3
70,76542.0,1483,4,10,3
33,70515.0,1258,6,4,2
39,18227.0,28,0,2,1
61,69139.0,227,4,5,5
44,69109.0,1555,6,7,2
64,69627.0,861,8,11,3
48,38136.0,103,3,2,1
80,62159.0,634,6,10,3
63,80695.0,1918,5,5,2
55,33316.0,131,2,4,1
58,58554.0,586,8,6,4
34,17256.0,62,2,2,1
52,53034.0,447,6,7,4
76,52203.0,939,8,11,3
49,59601.0,797,2,7,0
68,75154.0,1143,6,6,3
50,47025.0,415,6,5,4
53,37971.0,30,1,3,1
58,41335.0,187,4,4,5
68,67267.0,251,3,5,5
51,57338.0,237,4,5,1
66,50523.0,91,2,4,5
61,35791.0,35,1,3,5
66,50611.0,493,4,7,5
57,56242.0,971,8,11,0
66,48904.0,371,7,4,4
51,56243.0,396,4,8,0
41,21355.0,68,2,2,1
55,57420.0,322,5,6,4
71,46390.0,222,4,3,5
70,54342.0,177,3,4,5
53,20895.0,45,2,3,1
78,92344.0,1899,5,5,3
50,26907.0,22,1,3,1
46,44964.0,41,1,3,1
47,75507.0,1440,8,6,2
54,53761.0,325,4,3,1
53,22682.0,95,2,4,1
54,38887.0,42,1,3,1
51,41658.0,72,1,2,1
54,29791.0,20,2,3,1
70,63915.0,789,6,12,3
52,39996.0,15,1,2,1
54,26759.0,59,2,3,1
58,63841.0,908,9,9,4
57,51039.0,417,6,4,4
65,60544.0,289,5,5,5
54,65685.0,769,9,9,4
73,37716.0,188,4,3,5
69,36864.0,354,5,4,5
56,44511.0,727,8,8,4
59,36947.0,146,3,4,5
75,47352.0,319,6,5,5
73,67087.0,794,7,8,3
76,57045.0,454,4,9,3
73,36957.0,152,3,2,5
49,69389.0,797,7,12,0
54,80134.0,1690,5,6,2
57,43142.0,20,1,2,1
82,80589.0,1428,5,5,3
36,34412.0,209,5,3,1
47,57537.0,545,4,8,0
60,22634.0,96,2,2,1
78,51315.0,222,2,5,5
54,36026.0,61,2,3,1
53,24639.0,44,2,4,1
54,34578.0,8,1,2,1
54,65704.0,817,2,10,0
60,63810.0,1371,4,12,3
57,54132.0,42,1,3,5
67,18690.0,60,1,2,5
56,28164.0,78,2,4,1
52,34596.0,23,1,2,1
54,43269.0,19,1,2,1
68,38741.0,61,2,3,5
54,31907.0,449,6,6,4
43,27100.0,37,1,3,1
53,31163.0,38,1,3,1
41,92533.0,1131,6,11,0
53,34853.0,34,2,3,1
59,70844.0,294,6,5,4
47,31086.0,48,1,2,1
65,60544.0,289,5,5,5
40,20491.0,30,0,2,1
62,42523.0,125,1,4,5
43,39922.0,156,3,4,1
74,33402.0,70,2,3,5
77,36408.0,22,1,2,5
47,21645.0,65,3,3,1
78,78427.0,1930,3,10,3
80,82657.0,2283,7,10,3
68,51876.0,310,2,8,5
55,78041.0,1319,4,9,2
69,52852.0,879,10,5,4
44,70038.0,1244,4,8,0
53,69401.0,690,4,5,2
54,46053.0,209,3,4,1
61,77343.0,1134,3,9,3
73,73892.0,1507,3,8,3
59,40304.0,57,2,3,5
61,32727.0,529,7,5,4
57,68695.0,1091,4,7,2
55,43300.0,180,4,4,1
54,26290.0,77,2,4,1
56,93790.0,2349,6,12,2
52,38410.0,534,5,9,0
76,64866.0,556,7,7,4
67,57957.0,637,4,8,3
71,46015.0,46,1,3,5
48,16531.0,44,3,3,1
40,28072.0,47,1,3,1
63,49476.0,795,2,5,5
73,50725.0,586,8,8,4
74,83844.0,1574,4,11,3
76,41145.0,13,0,3,5
56,67419.0,1471,9,8,4
56,23162.0,65,1,3,1
49,34380.0,175,4,3,1
60,34704.0,40,1,3,5
57,94871.0,1078,8,4,2
68,65148.0,1115,6,7,3
72,39898.0,134,3,4,5
70,64857.0,1540,7,10,3
56,59892.0,87,2,3,5
39,41020.0,217,3,4,1
65,57072.0,1034,7,13,3
47,60474.0,1180,10,12,0
66,62807.0,819,5,12,3
45,19414.0,32,1,3,1
46,19107.0,46,1,3,1
50,75484.0,1159,7,6,2
50,70379.0,860,6,13,0
56,79419.0,1631,4,4,2
80,64014.0,444,8,5,4
71,76998.0,1910,11,8,4
54,49854.0,380,6,5,4
55,60585.0,736,7,9,4
76,42873.0,269,6,4,5
38,87679.0,2524,7,10,2
48,57867.0,612,7,9,0
36,35765.0,75,2,4,1
67,65492.0,1045,4,13,3
49,32952.0,55,2,3,1
57,53374.0,1064,4,9,0
67,71706.0,1443,9,7,4
38,68487.0,1366,9,13,0
51,53253.0,436,4,5,1
53,31163.0,38,1,3,1
49,42014.0,436,7,6,4
53,54108.0,747,8,9,4
71,49667.0,1396,5,5,3
52,63206.0,928,4,6,2
54,57136.0,642,5,10,0
51,46772.0,1048,11,5,4
55,78931.0,943,2,13,0
68,53977.0,907,5,12,3
38,84219.0,1198,3,10,0
51,46098.0,120,3,2,1
61,73538.0,1658,10,9,4
40,79529.0,1638,4,9,2
49,20981.0,73,3,2,1
46,51766.0,275,4,4,1
64,55759.0,854,10,8,4
48,33039.0,78,2,4,1
54,37787.0,106,3,3,1
56,27242.0,106,2,3,1
43,87188.0,1923,10,6,2
55,69930.0,1662,4,12,0
50,37697.0,84,2,3,1
53,37401.0,48,2,3,1
53,3502.0,5,0,0,1
50,58597.0,733,7,9,0
78,82032.0,1234,4,7,3
68,28087.0,112,2,2,5
39,74004.0,1658,4,4,2
66,19740.0,55,1,3,5
51,57036.0,1513,6,13,0
68,53083.0,271,5,5,5
51,69283.0,904,7,13,0
51,46098.0,120,3,2,1
38,23331.0,103,3,3,1
38,23331.0,269,5,5,1
37,9255.0,22,1,2,1
67,67786.0,1156,3,6,3
55,71969.0,1086,3,9,0
59,59235.0,1128,11,12,4
37,31928.0,72,3,4,1
65,74881.0,964,9,12,3
48,65819.0,1383,5,10,0
73,51411.0,18,0,3,5
62,51983.0,793,9,10,4
40,42386.0,100,3,3,1
39,30390.0,80,2,3,1
63,30983.0,167,4,3,5
69,66033.0,677,8,7,4
51,37284.0,23,0,3,1
75,57530.0,92,1,4,5
61,76800.0,641,4,7,3
70,63943.0,1106,6,6,3
64,76081.0,1033,4,4,2
52,67445.0,1174,9,12,0
59,37054.0,25,1,3,5
64,47175.0,240,4,4,5
50,31859.0,20,1,2,1
65,27215.0,102,2,4,5
50,70179.0,1034,7,13,0
43,39922.0,156,3,4,1
50,49681.0,458,7,7,4
38,24645.0,17,1,2,1
72,79865.0,792,5,5,3
41,44322.0,92,3,3,1
74,47958.0,407,6,5,4
62,63972.0,1269,5,10,3
72,75315.0,841,5,12,3
76,55517.0,633,11,6,4
69,75283.0,1019,6,5,4
80,82800.0,1315,7,12,3
72,38998.0,54,2,3,5
35,90638.0,2525,3,10,2
40,27161.0,52,1,3,1
49,42014.0,436,7,6,4
66,38201.0,268,5,5,5
44,45203.0,147,3,3,1
79,81574.0,1798,4,8,3
34,34935.0,137,2,4,1
50,60482.0,507,7,7,4
70,34633.0,15,1,2,5
79,78093.0,1105,4,5,3
76,82460.0,974,5,6,3
60,45903.0,66,2,3,5
39,81361.0,778,3,13,0
53,35860.0,49,1,2,1
74,40442.0,169,3,4,5
61,61482.0,299,3,6,5
46,34968.0,221,3,5,1
39,75794.0,1682,7,12,0
64,31497.0,155,3,4,5
71,74268.0,892,4,5,3
38,13724.0,58,2,2,1
61,45143.0,311,6,5,4
59,52569.0,95,2,4,5
53,48432.0,424,7,6,4
66,17144.0,47,3,4,5
42,36108.0,339,7,4,1
55,76445.0,1410,2,13,0
51,36663.0,35,1,3,1
61,53843.0,562,8,3,4
70,90226.0,2352,4,12,3
71,70638.0,1334,4,10,3
66,44512.0,32,1,3,5
65,27116.0,41,2,3,5
63,54072.0,39,2,2,5
49,71855.0,1141,5,11,0
36,51250.0,710,10,4,4
53,60432.0,401,7,5,4
62,65526.0,506,4,8,3
38,68655.0,1538,4,11,0
48,12393.0,57,2,3,1
36,64509.0,1722,6,9,0
51,33955.0,270,5,5,1
49,31353.0,31,1,2,1
42,55434.0,882,5,13,0
43,28359.0,16,1,2,1
39,57100.0,311,3,7,1
61,69139.0,227,4,5,5
70,52973.0,1152,9,9,4
61,51717.0,122,3,4,5
55,18793.0,77,2,4,1
44,66664.0,1289,5,6,2
67,50664.0,561,8,6,4
63,54414.0,211,3,5,5
74,54549.0,233,5,4,5
55,47111.0,1092,3,10,0
63,41003.0,601,6,8,4
44,19444.0,54,4,2,1
50,36301.0,78,3,3,1
79,73059.0,1095,9,13,3
57,42731.0,244,4,5,5
67,52854.0,116,2,4,5
48,22775.0,15,1,2,1
78,46681.0,425,4,4,5
71,59821.0,734,11,7,4
72,50002.0,638,8,7,4
81,69755.0,894,3,12,3
57,44078.0,41,2,3,1
50,30560.0,31,1,3,1
57,35924.0,34,1,3,1
62,64140.0,1750,2,6,2
45,56386.0,612,9,7,4
47,24594.0,29,1,3,1
45,75774.0,823,7,8,0
66,39228.0,20,0,3,5
52,58494.0,396,6,6,4
45,58684.0,813,5,12,0
59,57136.0,1179,7,7,4
76,56551.0,138,2,4,5
44,22448.0,55,2,3,1
65,82014.0,1511,3,12,3
63,34213.0,117,3,2,5
49,157146.0,1730,0,0,2
79,25358.0,32,1,3,5
48,35544.0,67,2,3,1
72,36634.0,335,5,5,5
72,62670.0,825,5,13,3
54,50334.0,694,7,6,4
45,72066.0,1792,4,6,2
68,50729.0,496,6,7,4
58,34916.0,231,5,3,5
50,64892.0,902,6,12,0
60,43602.0,68,3,2,5
37,33996.0,71,1,3,1
41,41473.0,76,2,3,1
59,63246.0,772,6,12,0
67,36732.0,47,1,4,5
56,69084.0,1586,7,13,0
59,77766.0,1529,11,11,4
41,37929.0,265,4,5,1
75,86610.0,1603,5,6,3
40,80141.0,2091,7,10,2
71,72635.0,981,6,6,3
56,69016.0,1533,8,13,0
35,20193.0,82,1,4,1
51,27573.0,244,5,4,1
47,15862.0,36,1,3,1
50,49544.0,404,5,8,0
46,33228.0,71,2,3,1
48,70440.0,1572,5,7,2
55,38232.0,122,3,3,1
71,22554.0,41,2,4,5
43,23536.0,10,0,3,1
74,49413.0,304,4,5,5
57,42231.0,37,1,3,1
46,78789.0,1754,4,5,2
58,56534.0,815,10,7,4
55,58350.0,1001,8,12,0
37,81217.0,1157,3,11,0
75,49090.0,688,7,9,3
39,61787.0,1319,8,6,0
41,18169.0,21,1,2,1
45,24336.0,31,1,2,1
36,18222.0,67,2,3,1
74,62335.0,708,3,13,3
55,42033.0,25,1,2,1
43,86580.0,746,4,5,2
69,41437.0,32,1,3,5
75,73705.0,1695,9,8,3
50,61064.0,1080,8,11,0
71,38452.0,72,3,3,5
37,18358.0,57,3,4,1
53,55012.0,660,8,9,4
53,9722.0,103,3,3,1
42,38175.0,153,3,4,1
70,58656.0,1220,7,13,3
61,52117.0,279,5,4,5
48,64813.0,745,7,10,0
53,54222.0,264,3,5,1
40,83512.0,2157,4,10,2
67,77520.0,1526,8,7,3
48,41154.0,69,1,4,1
60,80398.0,1597,5,12,3
34,18746.0,64,3,3,1
42,35196.0,497,6,5,1
70,60230.0,1067,6,6,4
49,22108.0,31,2,3,1
52,44392.0,211,4,4,1
50,55424.0,877,7,9,0
47,17688.0,11,1,2,1
43,92491.0,2034,7,12,0
35,90273.0,1991,5,7,2
64,82571.0,1686,6,13,3
44,38513.0,324,6,5,1
47,16653.0,69,2,3,1
71,42586.0,252,4,6,5
61,23529.0,54,1,2,5
65,74881.0,964,9,12,3
75,71107.0,1327,7,13,3
62,46910.0,68,2,3,5
67,18690.0,60,1,2,5
71,37244.0,55,1,2,5
60,82427.0,1456,3,12,3
68,75342.0,563,5,10,3
72,70044.0,1504,7,5,3
59,79146.0,564,8,8,4
63,77437.0,1125,4,13,3
67,54984.0,358,6,6,4
55,42403.0,42,1,3,1
62,55761.0,184,4,3,5
43,37292.0,460,6,5,1
81,45576.0,145,3,3,5
79,70321.0,1376,6,13,3
57,58086.0,792,11,7,4
74,81795.0,1382,4,7,3
79,28389.0,28,1,2,5
80,66835.0,1033,6,13,3
57,69901.0,882,7,10,0
77,80360.0,2231,4,5,2
65,63342.0,1101,8,5,4
52,44989.0,369,5,5,1
46,31859.0,48,1,3,1
77,51569.0,467,7,7,4
55,30372.0,44,2,3,1
47,16014.0,38,1,4,1
58,41120.0,81,2,3,5
55,39763.0,167,5,2,1
71,38725.0,45,1,4,5
54,77981.0,664,7,7,4
62,62905.0,622,7,8,4
47,13533.0,48,2,3,1
51,59481.0,461,3,8,0
49,72117.0,1073,9,9,0
40,21955.0,55,2,3,1
70,67131.0,976,9,12,3
46,36802.0,20,1,3,1
44,71853.0,1149,2,6,2
65,28249.0,43,2,3,5
51,47808.0,224,3,3,1
52,25509.0,101,3,3,1
80,51012.0,209,4,4,5
41,70596.0,968,3,12,0
74,85431.0,1165,2,7,3
59,42664.0,24,1,3,5
71,42586.0,252,4,6,5
41,29760.0,165,3,4,1
49,28973.0,269,5,5,1
53,39435.0,102,3,2,1
42,65370.0,461,2,13,0
47,20194.0,47,2,3,1
50,42473.0,144,2,4,1
58,64590.0,1338,9,10,4
67,71232.0,917,11,10,4
55,34600.0,318,5,5,1
59,46904.0,253,5,4,5
53,49094.0,502,6,6,4
43,36075.0,119,2,4,1
47,60839.0,1250,2,12,0
47,77298.0,969,6,11,0
76,34026.0,76,2,3,5
63,48918.0,62,1,4,5
64,82122.0,1382,3,13,3
50,37697.0,84,2,3,1
74,34074.0,255,3,3,5
66,28520.0,43,1,2,5
71,62535.0,398,3,8,3
49,36273.0,76,3,3,1
62,63404.0,902,6,4,4
45,75774.0,823,7,8,0
50,78416.0,1179,7,10,0
52,75702.0,1921,10,13,0
75,59385.0,185,3,4,5
60,37070.0,433,5,8,4
75,44689.0,34,1,2,5
68,53977.0,907,5,12,3
60,7144.0,416,23,1,4
62,18701.0,44,2,4,5
70,90369.0,1588,4,6,2
52,63159.0,1797,3,8,2
60,37758.0,40,1,3,5
63,46757.0,1143,4,7,3
57,79734.0,914,4,6,2
34,63207.0,1502,2,6,2
72,72071.0,1338,5,8,3
43,21840.0,27,1,3,1
44,58582.0,763,9,9,0
75,72282.0,1331,5,9,3
70,50387.0,525,6,8,4
65,32583.0,9,1,2,5
64,62568.0,953,5,5,4
55,44635.0,68,2,3,1
55,33316.0,131,2,4,1
58,63967.0,882,4,12,0
48,52513.0,1149,9,9,0
57,25293.0,37,1,2,1
61,54111.0,388,5,6,4
40,78394.0,1428,4,5,2
68,80739.0,1633,3,9,3
51,22669.0,173,4,2,1
39,29236.0,99,4,3,1
67,44911.0,215,4,4,5
64,54693.0,929,6,13,3
52,48186.0,219,4,4,1
49,54809.0,174,2,5,1
48,41580.0,92,2,3,1
56,80336.0,1052,2,13,0
69,47743.0,275,4,6,5
71,62972.0,587,7,3,4
72,57333.0,1662,8,9,3
44,32313.0,159,4,4,1
73,84953.0,1024,3,4,3
58,27071.0,35,2,3,1
69,68148.0,1042,4,6,3
61,65735.0,395,6,6,4
51,86836.0,557,6,6,4
63,4023.0,9,0,0,1
36,30093.0,69,2,3,1
60,57705.0,486,8,6,4
38,25008.0,34,1,3,1
31,83257.0,1365,5,12,0
51,22280.0,13,1,2,1
48,72159.0,1401,4,10,0
65,64260.0,1574,4,4,2
42,82733.0,1323,8,7,2
55,74290.0,1217,10,10,4
75,58217.0,103,2,4,5
50,21024.0,84,2,4,1
54,70116.0,1536,2,12,0
41,54006.0,581,8,7,4
60,69063.0,928,5,5,4
51,11448.0,14,1,2,1
47,61825.0,424,4,8,0
55,70886.0,960,5,4,2
44,69109.0,1555,6,7,2
53,60208.0,656,8,7,4
58,32889.0,55,2,3,1
42,34738.0,20,1,3,1
55,30538.0,367,9,4,4
49,82326.0,2257,5,6,2
59,26642.0,42,2,3,1
62,69932.0,1049,7,11,3
54,44503.0,48,2,3,1
78,60200.0,685,6,11,3
74,49638.0,39,1,3,5
39,23830.0,43,1,3,1
67,33051.0,835,9,8,4
68,72905.0,1515,3,9,3
75,69702.0,1039,7,10,3
51,70300.0,1596,5,13,0
42,70643.0,1828,5,4,2
57,30396.0,34,1,2,1
58,50616.0,149,4,4,5
57,62772.0,946,5,11,0
41,30298.0,28,1,3,1
42,52413.0,450,7,7,0
69,44155.0,46,1,2,5
55,86979.0,1702,5,5,2
51,76532.0,820,9,7,4
44,42081.0,382,6,4,1
38,67546.0,2126,4,5,2
37,88420.0,2069,4,8,2
41,31158.0,72,2,3,1
58,61671.0,732,10,6,4
52,69719.0,801,2,5,2
77,49160.0,236,3,6,5
48,24882.0,80,1,2,1
72,90933.0,1685,4,4,2
81,113734.0,277,27,0,4
76,59292.0,507,3,8,3
62,45759.0,68,2,3,5
43,22148.0,49,1,3,1
39,73395.0,397,4,6,0
55,29819.0,39,3,3,1
58,45688.0,306,3,8,5
72,62820.0,976,3,6,3
55,60491.0,1028,6,7,4
40,33235.0,70,3,3,1
67,35701.0,46,1,3,5
46,31535.0,51,1,2,1
66,92556.0,1263,3,13,3
56,67384.0,1490,7,5,2
55,80573.0,1564,4,13,0
59,77870.0,1815,5,5,2
63,52278.0,1198,10,10,4
58,57107.0,416,4,8,0
36,18929.0,85,1,4,1
45,36038.0,47,3,3,1
50,20180.0,137,2,4,1
61,34230.0,21,1,2,5
49,31878.0,70,1,4,1
54,70932.0,909,6,12,0
70,91249.0,1676,7,6,2
83,77598.0,1735,7,13,3
67,80982.0,1191,11,11,4
49,22701.0,24,1,3,1
57,55212.0,1182,4,11,0
56,70617.0,1280,3,7,2
69,64849.0,1336,9,6,4
61,62694.0,749,9,7,4
52,61917.0,91,2,4,1
79,67472.0,414,4,7,3
44,21059.0,44,3,3,1
58,29543.0,63,3,2,1
75,75903.0,901,6,9,3
51,34984.0,38,1,3,1
70,54998.0,455,4,9,3
77,54356.0,775,11,8,4
67,34242.0,15,0,3,5
53,25410.0,38,1,4,1
42,73356.0,1512,5,5,2
76,28320.0,43,1,3,5
49,23763.0,42,1,3,1
42,72570.0,1089,4,12,0
50,34529.0,162,2,3,1
75,70792.0,1272,3,10,3
44,63211.0,1173,3,7,0
52,83891.0,816,4,10,0
58,36065.0,74,3,3,1
72,39898.0,134,3,4,5
86,51141.0,157,3,4,5
50,56939.0,561,3,10,0
75,80872.0,1336,4,10,3
50,72335.0,2092,10,8,2
62,61798.0,463,4,9,3
76,76842.0,1130,1,7,3
50,29478.0,20,1,3,1
70,46998.0,377,5,5,5
36,96843.0,1544,6,10,0
76,56551.0,138,2,4,5
61,70053.0,1012,8,10,4
64,71670.0,1766,5,6,2
48,44359.0,45,2,4,1
74,40887.0,161,3,3,5
60,48877.0,144,3,4,5
79,74485.0,1734,6,12,3
54,64474.0,823,8,10,0
63,77226.0,1138,6,12,3
77,72643.0,1429,3,7,3
48,85738.0,1371,3,11,0
60,55686.0,982,6,5,4
43,39062.0,44,1,3,1
55,34600.0,318,5,5,1
51,40794.0,434,6,5,4
55,54690.0,198,3,5,5
57,4428.0,359,25,0,4
63,32632.0,576,4,8,5
58,38236.0,88,3,4,5
47,36781.0,63,2,2,1
42,31385.0,27,1,2,1
42,24570.0,193,4,4,1
52,25509.0,101,3,3,1
75,94642.0,2211,5,9,3
64,58646.0,140,2,4,5
51,53201.0,415,6,5,4
69,21994.0,22,0,3,5
48,57113.0,263,4,5,1
35,51373.0,393,3,3,1
40,23477.0,147,3,4,1
70,58116.0,443,3,8,5
63,72968.0,1958,5,8,2
55,39791.0,174,3,4,1
79,91712.0,2217,9,11,3
68,94472.0,1691,5,5,2
66,13672.0,25,1,3,5
46,96547.0,809,7,8,0
51,79205.0,895,6,4,2
51,56559.0,484,4,8,0
53,32644.0,413,7,6,4
46,67506.0,331,4,6,0
56,24206.0,25,1,3,1
59,28420.0,13,1,2,1
56,22979.0,115,3,2,1
60,33279.0,16,0,3,5
54,46423.0,92,2,4,1
49,30368.0,52,2,3,1
56,63684.0,1464,8,8,4
62,41638.0,441,5,3,5
67,68805.0,283,3,7,5
60,65814.0,747,8,10,4
68,71964.0,1870,5,5,2
40,39146.0,165,4,4,1
49,96876.0,1941,7,9,2
45,34445.0,839,11,8,4
68,68281.0,1655,2,13,3
51,37284.0,23,0,3,1
43,36790.0,66,2,2,1
59,27943.0,37,2,3,1
75,22263.0,21,1,3,5
54,30261.0,22,0,3,1
48,28587.0,78,2,4,1
44,43815.0,79,2,3,1
70,48195.0,265,4,5,5
74,77027.0,1175,8,6,4
61,71322.0,1305,8,13,0
47,32765.0,46,2,4,1
61,29672.0,25,0,3,5
73,23272.0,46,1,3,5
77,49912.0,874,10,7,4
41,7500.0,100,2,3,1
79,68117.0,930,11,4,4
71,67225.0,868,7,11,3
50,17649.0,45,3,3,1
51,55914.0,1260,11,8,4
42,40059.0,414,6,3,1
76,60905.0,392,3,7,5
49,75330.0,1109,10,12,0
75,60689.0,639,4,10,3
42,38680.0,79,2,3,1
44,61416.0,1665,10,10,0
35,49767.0,692,5,8,0
56,83273.0,1392,4,9,2
45,29009.0,44,2,3,1
47,45057.0,50,2,3,1
55,37150.0,467,4,6,1
56,43020.0,223,4,4,1
67,53154.0,158,3,4,5
53,65308.0,1211,7,12,0
56,76467.0,1575,2,5,2
79,81044.0,1208,5,10,3
75,32871.0,43,1,3,5
51,55801.0,527,7,6,4
67,76320.0,932,6,4,4
71,36927.0,71,3,3,5
73,48794.0,54,1,3,5
61,23478.0,129,3,3,5
53,71128.0,1615,2,12,0
50,70179.0,1034,7,13,0
76,59462.0,1088,9,12,3
57,38361.0,137,3,3,1
44,70038.0,1244,4,8,0
48,42554.0,41,2,3,1
52,67445.0,1174,9,12,0
75,67046.0,993,4,4,3
78,42192.0,100,2,3,5
74,77610.0,1680,4,4,2
42,31761.0,98,3,4,1
47,34350.0,48,1,3,1
77,54591.0,519,6,8,3
70,71866.0,715,6,10,3
57,25293.0,37,1,2,1
39,42000.0,653,5,11,0
43,69520.0,1455,9,5,2
56,64713.0,602,5,7,4
49,27889.0,26,1,2,1
66,22123.0,102,2,3,5
53,27803.0,176,3,4,1
66,51651.0,433,6,5,4
38,68487.0,1366,9,13,0
57,56796.0,1001,8,7,4
34,87000.0,961,4,7,0
67,79823.0,1518,6,7,3
46,30828.0,56,1,4,1
55,34109.0,22,0,3,1
52,53367.0,400,5,8,0
57,22390.0,26,1,2,1
50,71322.0,350,4,7,0
33,79244.0,1216,4,7,0
77,49912.0,874,10,7,4
76,48699.0,40,1,3,5
51,80144.0,1367,3,8,2
70,54252.0,264,4,5,5
50,81929.0,2053,4,10,2
51,76068.0,1376,2,4,2
50,53204.0,45,1,3,1
77,67911.0,976,6,11,3
42,14796.0,51,1,3,1
52,78128.0,1264,8,6,2
54,14188.0,75,2,4,1
40,20425.0,57,2,3,1
64,58646.0,140,2,4,5
56,72967.0,497,7,8,4
77,48150.0,266,5,4,5
65,82332.0,2006,5,12,3
71,58275.0,615,8,7,4
45,44953.0,1021,7,13,0
73,34587.0,22,1,3,5
52,43018.0,133,2,2,1
72,45736.0,437,7,6,4
57,66476.0,1013,6,10,0
45,27733.0,57,2,3,1
74,69805.0,1038,6,11,3
64,72217.0,1573,3,8,3
55,25818.0,28,0,2,1
50,37509.0,123,3,4,1
50,25176.0,13,1,2,1
46,43586.0,132,3,4,1
70,53230.0,732,5,12,3
69,50116.0,66,1,4,5
54,84906.0,1631,5,12,0
60,61286.0,608,7,8,4
40,82333.0,1822,4,10,2
61,65220.0,1282,8,7,4
52,33590.0,8,1,2,1
50,30992.0,43,1,3,1
50,72309.0,1931,5,8,2
77,156924.0,8,0,0,5
46,16005.0,103,2,2,1
69,65487.0,1169,3,6,3
61,58692.0,395,8,4,4
57,40590.0,258,3,3,1
56,20587.0,25,1,2,1
72,62637.0,185,2,5,5
60,29435.0,180,3,2,5
52,19346.0,22,1,3,1
55,35788.0,44,2,3,1
58,36997.0,94,2,4,5
69,23539.0,81,2,4,5
53,65333.0,798,9,8,4
69,78499.0,1334,11,4,4
55,29732.0,38,2,2,1
66,41275.0,61,3,3,5
53,63516.0,300,4,7,0
64,42769.0,88,1,4,5
68,49572.0,54,2,3,5
54,69209.0,1782,5,6,2
50,17148.0,68,3,3,1
57,40590.0,258,3,3,1
50,30560.0,31,1,3,1
43,32146.0,66,2,4,1
62,41713.0,174,3,4,5
51,34176.0,28,1,3,1
71,58482.0,731,7,9,3
61,59686.0,274,4,6,5
62,60896.0,1701,9,4,4
46,62994.0,312,6,4,4
69,47320.0,414,5,8,4
77,74859.0,1565,6,11,3
34,15253.0,29,1,3,1
52,31560.0,94,2,3,1
72,72071.0,1338,5,8,3
36,91172.0,1092,4,7,2
42,90000.0,1479,4,5,2
45,41967.0,54,1,3,1
61,69263.0,568,9,7,4
56,65706.0,1199,11,12,0
51,60934.0,873,6,11,0
75,71965.0,1213,6,5,3
71,65210.0,731,9,8,4
51,79174.0,2043,5,7,2
59,81380.0,1893,4,10,2
53,48432.0,424,7,6,4
55,52914.0,575,7,3,4
71,38946.0,257,3,6,5
52,26067.0,56,3,3,1
54,44325.0,542,8,7,4
62,42523.0,125,1,4,5
48,26487.0,69,2,3,1
69,53233.0,40,1,3,5
66,67716.0,1016,7,13,3
54,76234.0,907,8,11,0
70,84117.0,1566,7,6,3
69,65487.0,1169,3,6,3
54,25224.0,46,1,3,1
43,89616.0,1644,7,12,0
55,40851.0,59,1,2,1
79,27469.0,17,0,3,5
69,82347.0,1853,7,10,3
69,73803.0,1528,9,6,4
74,8820.0,35,3,3,5
52,43322.0,141,3,4,1
53,55593.0,546,6,3,4
72,50501.0,500,5,4,5
51,37085.0,61,3,3,1
36,16185.0,106,2,2,1
57,57731.0,704,8,6,4
53,48432.0,424,7,6,4
48,73807.0,849,5,11,0
36,18929.0,85,1,4,1
58,35893.0,199,3,5,5
46,61014.0,1147,9,4,4
72,32144.0,54,2,3,5
63,14918.0,43,1,3,5
63,45146.0,53,1,2,5
71,41769.0,521,8,7,4
45,88325.0,1623,6,9,2
76,38054.0,45,2,3,5
31,80617.0,1435,4,8,0
50,5305.0,32,1,0,1
72,36807.0,16,1,2,5
43,28427.0,52,2,3,1
78,82032.0,1234,4,7,3
48,22775.0,15,1,2,1
41,40101.0,415,6,6,1
47,58025.0,470,3,10,0
44,75777.0,1438,3,11,0
47,7500.0,53,3,2,1
63,33562.0,51,2,4,5
56,57642.0,679,7,6,4
58,58554.0,586,8,6,4
47,63777.0,653,11,6,4
64,57967.0,468,4,8,3
54,24434.0,50,2,2,1
42,11012.0,84,3,2,1
56,44802.0,1049,9,12,0
40,26816.0,22,0,3,1
49,666666.0,62,3,3,2
52,34421.0,30,1,2,1
59,61223.0,1341,9,4,4
80,64014.0,444,8,5,4
45,56981.0,1241,2,13,0
70,69245.0,843,6,10,3
72,52869.0,172,3,4,5
